{"cameraMode":{"drawMode":0,"name":"Shaded","section":"Shading Mode"},"sceneLighting":false,"audioPlay":false,"sceneViewState":{"showFog":true,"showMaterialUpdate":false,"showSkybox":true,"showFlares":true,"showImageEffects":true,"showParticleSystems":true},"in2DMode":false,"pivot":{"x":6.906610012054443,"y":8.146822929382325,"z":0.3091406524181366},"rotation":{"x":0.3069945275783539,"y":-0.574099063873291,"z":0.24527110159397126,"w":0.7184017896652222},"size":5.7157673835754398,"orthographic":false}