{"cameraMode":{"drawMode":0,"name":"Shaded","section":"Shading Mode"},"sceneLighting":false,"audioPlay":false,"sceneViewState":{"showFog":true,"showMaterialUpdate":false,"showSkybox":true,"showFlares":true,"showImageEffects":true,"showParticleSystems":true},"in2DMode":false,"pivot":{"x":32.95515823364258,"y":10.565184593200684,"z":2.9307470321655275},"rotation":{"x":-0.10738995671272278,"y":0.75221848487854,"z":-0.1266392320394516,"w":-0.6377023458480835},"size":1.1431535482406617,"orthographic":false}