{"cameraMode":{"drawMode":0,"name":"Shaded","section":"Shading Mode"},"sceneLighting":false,"audioPlay":false,"sceneViewState":{"showFog":true,"showMaterialUpdate":false,"showSkybox":true,"showFlares":true,"showImageEffects":true,"showParticleSystems":true},"in2DMode":false,"pivot":{"x":0.01751483976840973,"y":0.05232064425945282,"z":-0.0651896670460701},"rotation":{"x":0.014090179465711117,"y":0.01417846791446209,"z":-0.00015953226829878986,"w":0.999821126461029},"size":1.3465749025344849,"orthographic":false}